{
  "country": "IN",
  "model": "XGBRegressor",
  "version": "v9.4_xgboost_delta",
  "horizon_days": 30,
  "features": [
    "pm25_lag_30",
    "pm25_ema_3d",
    "month_sin",
    "month_cos",
    "day_of_year_sin",
    "day_of_year_cos",
    "future_temp",
    "future_wind",
    "future_precip",
    "pm25_momentum",
    "future_temp_momentum",
    "future_wind_momentum",
    "fire_density_100km",
    "fire_radiative_power_total",
    "fire_wind_interaction",
    "wind_u",
    "wind_v"
  ],
  "feature_medians": {
    "pm25_lag_30": 55.10235294117648,
    "pm25_ema_3d": 57.22204637878675,
    "month_sin": 0.8660254037844386,
    "month_cos": 6.123233995736766e-17,
    "day_of_year_sin": 0.8009803309782905,
    "day_of_year_cos": 0.09126072172931188,
    "future_temp": 26.5,
    "future_wind": 15.7,
    "future_precip": 0.0,
    "pm25_momentum": 0.06476136363636398,
    "future_temp_momentum": 0.10000000000000142,
    "future_wind_momentum": 0.0,
    "fire_density_100km": 3.0,
    "fire_radiative_power_total": 1007.5799999999999,
    "fire_wind_interaction": 15888.260999999999,
    "wind_u": 0.0819385086300412,
    "wind_v": -0.4939418665842318
  },
  "metrics": {
    "test_r2": 0.0618,
    "test_mae": 16.7,
    "test_rmse": 28.34,
    "nmae": 0.4385,
    "mase": 0.54,
    "accuracy_percentage": 56.15
  }
}